<?xml version="1.0"?>
<doc>
    <assembly>
        <name>ServiceStack.Api.Swagger</name>
    </assembly>
    <members>
        <member name="T:ServiceStack.Api.Swagger.Support.IOrderedDictionary`2">
            <summary>
            Represents a generic collection of key/value pairs that are ordered independently of the key and value.
            </summary>
            <typeparam name="TKey">The type of the keys in the dictionary</typeparam>
            <typeparam name="TValue">The type of the values in the dictionary</typeparam>
        </member>
        <member name="M:ServiceStack.Api.Swagger.Support.IOrderedDictionary`2.Add(`0,`1)">
            <summary>
            Adds an entry with the specified key and value into the <see cref="T:ServiceStack.Api.Swagger.Support.IOrderedDictionary`2">IOrderedDictionary&lt;TKey,TValue&gt;</see> collection with the lowest available index.
            </summary>
            <param name="key">The key of the entry to add.</param>
            <param name="value">The value of the entry to add.</param>
            <returns>The index of the newly added entry</returns>
            <remarks>
            <para>You can also use the <see cref="P:System.Collections.Generic.IDictionary{TKey,TValue}.Item(TKey)"/> property to add new elements by setting the value of a key that does not exist in the <see cref="T:ServiceStack.Api.Swagger.Support.IOrderedDictionary`2">IOrderedDictionary&lt;TKey,TValue&gt;</see> collection; however, if the specified key already exists in the <see cref="T:ServiceStack.Api.Swagger.Support.IOrderedDictionary`2">IOrderedDictionary&lt;TKey,TValue&gt;</see>, setting the <see cref="P:Item(TKey)"/> property overwrites the old value. In contrast, the <see cref="M:Add"/> method does not modify existing elements.</para></remarks>
            <exception cref="T:System.ArgumentException">An element with the same key already exists in the <see cref="T:ServiceStack.Api.Swagger.Support.IOrderedDictionary`2">IOrderedDictionary&lt;TKey,TValue&gt;</see></exception>
            <exception cref="T:System.NotSupportedException">The <see cref="T:ServiceStack.Api.Swagger.Support.IOrderedDictionary`2">IOrderedDictionary&lt;TKey,TValue&gt;</see> is read-only.<br/>
            -or-<br/>
            The <see cref="T:ServiceStack.Api.Swagger.Support.IOrderedDictionary`2">IOrderedDictionary&lt;TKey,TValue&gt;</see> has a fized size.</exception>
        </member>
        <member name="M:ServiceStack.Api.Swagger.Support.IOrderedDictionary`2.Insert(System.Int32,`0,`1)">
            <summary>
            Inserts a new entry into the <see cref="T:ServiceStack.Api.Swagger.Support.IOrderedDictionary`2">IOrderedDictionary&lt;TKey,TValue&gt;</see> collection with the specified key and value at the specified index.
            </summary>
            <param name="index">The zero-based index at which the element should be inserted.</param>
            <param name="key">The key of the entry to add.</param>
            <param name="value">The value of the entry to add. The value can be <null/> if the type of the values in the dictionary is a reference type.</param>
            <exception cref="T:System.ArgumentOutOfRangeException"><paramref name="index"/> is less than 0.<br/>
            -or-<br/>
            <paramref name="index"/> is greater than <see cref="P:System.Collections.ICollection.Count"/>.</exception>
            <exception cref="T:System.ArgumentException">An element with the same key already exists in the <see cref="T:ServiceStack.Api.Swagger.Support.IOrderedDictionary`2">IOrderedDictionary&lt;TKey,TValue&gt;</see>.</exception>
            <exception cref="T:System.NotSupportedException">The <see cref="T:ServiceStack.Api.Swagger.Support.IOrderedDictionary`2">IOrderedDictionary&lt;TKey,TValue&gt;</see> is read-only.<br/>
            -or-<br/>
            The <see cref="T:ServiceStack.Api.Swagger.Support.IOrderedDictionary`2">IOrderedDictionary&lt;TKey,TValue&gt;</see> has a fized size.</exception>
        </member>
        <member name="P:ServiceStack.Api.Swagger.Support.IOrderedDictionary`2.Item(System.Int32)">
            <summary>
            Gets or sets the value at the specified index.
            </summary>
            <param name="index">The zero-based index of the value to get or set.</param>
            <value>The value of the item at the specified index.</value>
            <exception cref="T:System.ArgumentOutOfRangeException"><paramref name="index"/> is less than 0.<br/>
            -or-<br/>
            <paramref name="index"/> is equal to or greater than <see cref="P:System.Collections.ICollection.Count"/>.</exception>
        </member>
        <member name="T:ServiceStack.Api.Swagger.Support.OrderedDictionary`2">
            <summary>
            Represents a generic collection of key/value pairs that are ordered independently of the key and value.
            </summary>
            <typeparam name="TKey">The type of the keys in the dictionary</typeparam>
            <typeparam name="TValue">The type of the values in the dictionary</typeparam>
        </member>
        <member name="M:ServiceStack.Api.Swagger.Support.OrderedDictionary`2.#ctor">
            <summary>
            Initializes a new instance of the <see cref="T:ServiceStack.Api.Swagger.Support.OrderedDictionary`2">OrderedDictionary&lt;TKey,TValue&gt;</see> class.
            </summary>
        </member>
        <member name="M:ServiceStack.Api.Swagger.Support.OrderedDictionary`2.#ctor(System.Int32)">
            <summary>
            Initializes a new instance of the <see cref="T:ServiceStack.Api.Swagger.Support.OrderedDictionary`2">OrderedDictionary&lt;TKey,TValue&gt;</see> class using the specified initial capacity.
            </summary>
            <param name="capacity">The initial number of elements that the <see cref="T:ServiceStack.Api.Swagger.Support.OrderedDictionary`2">OrderedDictionary&lt;TKey,TValue&gt;</see> can contain.</param>
            <exception cref="T:System.ArgumentOutOfRangeException"><paramref name="capacity"/> is less than 0</exception>
        </member>
        <member name="M:ServiceStack.Api.Swagger.Support.OrderedDictionary`2.#ctor(System.Collections.Generic.IEqualityComparer{`0})">
            <summary>
            Initializes a new instance of the <see cref="T:ServiceStack.Api.Swagger.Support.OrderedDictionary`2">OrderedDictionary&lt;TKey,TValue&gt;</see> class using the specified comparer.
            </summary>
            <param name="comparer">The <see cref="T:System.Collections.Generic.IEqualityComparer`1">IEqualityComparer&lt;TKey&gt;</see> to use when comparing keys, or <null/> to use the default <see cref="T:System.Collections.Generic.EqualityComparer`1">EqualityComparer&lt;TKey&gt;</see> for the type of the key.</param>
        </member>
        <member name="M:ServiceStack.Api.Swagger.Support.OrderedDictionary`2.#ctor(System.Int32,System.Collections.Generic.IEqualityComparer{`0})">
            <summary>
            Initializes a new instance of the <see cref="T:ServiceStack.Api.Swagger.Support.OrderedDictionary`2">OrderedDictionary&lt;TKey,TValue&gt;</see> class using the specified initial capacity and comparer.
            </summary>
            <param name="capacity">The initial number of elements that the <see cref="T:ServiceStack.Api.Swagger.Support.OrderedDictionary`2">OrderedDictionary&lt;TKey,TValue&gt;</see> collection can contain.</param>
            <param name="comparer">The <see cref="T:System.Collections.Generic.IEqualityComparer`1">IEqualityComparer&lt;TKey&gt;</see> to use when comparing keys, or <null/> to use the default <see cref="T:System.Collections.Generic.EqualityComparer`1">EqualityComparer&lt;TKey&gt;</see> for the type of the key.</param>
            <exception cref="T:System.ArgumentOutOfRangeException"><paramref name="capacity"/> is less than 0</exception>
        </member>
        <member name="M:ServiceStack.Api.Swagger.Support.OrderedDictionary`2.ConvertToKeyType(System.Object)">
            <summary>
            Converts the object passed as a key to the key type of the dictionary
            </summary>
            <param name="keyObject">The key object to check</param>
            <returns>The key object, cast as the key type of the dictionary</returns>
            <exception cref="T:System.ArgumentNullException"><paramref name="keyObject"/> is <null/>.</exception>
            <exception cref="T:System.ArgumentException">The key type of the <see cref="T:ServiceStack.Api.Swagger.Support.OrderedDictionary`2">OrderedDictionary&lt;TKey,TValue&gt;</see> is not in the inheritance hierarchy of <paramref name="keyObject"/>.</exception>
        </member>
        <member name="M:ServiceStack.Api.Swagger.Support.OrderedDictionary`2.ConvertToValueType(System.Object)">
            <summary>
            Converts the object passed as a value to the value type of the dictionary
            </summary>
            <param name="value">The object to convert to the value type of the dictionary</param>
            <returns>The value object, converted to the value type of the dictionary</returns>
            <exception cref="T:System.ArgumentNullException"><paramref name="valueObject"/> is <null/>, and the value type of the <see cref="T:ServiceStack.Api.Swagger.Support.OrderedDictionary`2">OrderedDictionary&lt;TKey,TValue&gt;</see> is a value type.</exception>
            <exception cref="T:System.ArgumentException">The value type of the <see cref="T:ServiceStack.Api.Swagger.Support.OrderedDictionary`2">OrderedDictionary&lt;TKey,TValue&gt;</see> is not in the inheritance hierarchy of <paramref name="valueObject"/>.</exception>
        </member>
        <member name="P:ServiceStack.Api.Swagger.Support.OrderedDictionary`2.Dictionary">
            <summary>
            Gets the dictionary object that stores the keys and values
            </summary>
            <value>The dictionary object that stores the keys and values for the <see cref="T:ServiceStack.Api.Swagger.Support.OrderedDictionary`2">OrderedDictionary&lt;TKey,TValue&gt;</see></value>
            <remarks>Accessing this property will create the dictionary object if necessary</remarks>
        </member>
        <member name="P:ServiceStack.Api.Swagger.Support.OrderedDictionary`2.List">
            <summary>
            Gets the list object that stores the key/value pairs.
            </summary>
            <value>The list object that stores the key/value pairs for the <see cref="T:ServiceStack.Api.Swagger.Support.OrderedDictionary`2">OrderedDictionary&lt;TKey,TValue&gt;</see></value>
            <remarks>Accessing this property will create the list object if necessary.</remarks>
        </member>
        <member name="M:ServiceStack.Api.Swagger.Support.OrderedDictionary`2.Insert(System.Int32,`0,`1)">
            <summary>
            Inserts a new entry into the <see cref="T:ServiceStack.Api.Swagger.Support.OrderedDictionary`2">OrderedDictionary&lt;TKey,TValue&gt;</see> collection with the specified key and value at the specified index.
            </summary>
            <param name="index">The zero-based index at which the element should be inserted.</param>
            <param name="key">The key of the entry to add.</param>
            <param name="value">The value of the entry to add. The value can be <null/> if the type of the values in the dictionary is a reference type.</param>
            <exception cref="T:System.ArgumentOutOfRangeException"><paramref name="index"/> is less than 0.<br/>
            -or-<br/>
            <paramref name="index"/> is greater than <see cref="P:ServiceStack.Api.Swagger.Support.OrderedDictionary`2.Count"/>.</exception>
            <exception cref="T:System.ArgumentNullException"><paramref name="key"/> is <null/>.</exception>
            <exception cref="T:System.ArgumentException">An element with the same key already exists in the <see cref="T:ServiceStack.Api.Swagger.Support.OrderedDictionary`2">OrderedDictionary&lt;TKey,TValue&gt;</see>.</exception>
        </member>
        <member name="M:ServiceStack.Api.Swagger.Support.OrderedDictionary`2.System#Collections#Specialized#IOrderedDictionary#Insert(System.Int32,System.Object,System.Object)">
            <summary>
            Inserts a new entry into the <see cref="T:ServiceStack.Api.Swagger.Support.OrderedDictionary`2">OrderedDictionary&lt;TKey,TValue&gt;</see> collection with the specified key and value at the specified index.
            </summary>
            <param name="index">The zero-based index at which the element should be inserted.</param>
            <param name="key">The key of the entry to add.</param>
            <param name="value">The value of the entry to add. The value can be <null/> if the type of the values in the dictionary is a reference type.</param>
            <exception cref="T:System.ArgumentOutOfRangeException"><paramref name="index"/> is less than 0.<br/>
            -or-<br/>
            <paramref name="index"/> is greater than <see cref="P:ServiceStack.Api.Swagger.Support.OrderedDictionary`2.Count"/>.</exception>
            <exception cref="T:System.ArgumentNullException"><paramref name="key"/> is <null/>.<br/>
            -or-<br/>
            <paramref name="value"/> is <null/>, and the value type of the <see cref="T:ServiceStack.Api.Swagger.Support.OrderedDictionary`2">OrderedDictionary&lt;TKey,TValue&gt;</see> is a value type.</exception>
            <exception cref="T:System.ArgumentException">The key type of the <see cref="T:ServiceStack.Api.Swagger.Support.OrderedDictionary`2">OrderedDictionary&lt;TKey,TValue&gt;</see> is not in the inheritance hierarchy of <paramref name="key"/>.<br/>
            -or-<br/>
            The value type of the <see cref="T:ServiceStack.Api.Swagger.Support.OrderedDictionary`2">OrderedDictionary&lt;TKey,TValue&gt;</see> is not in the inheritance hierarchy of <paramref name="value"/>.<br/>
            -or-<br/>
            An element with the same key already exists in the <see cref="T:ServiceStack.Api.Swagger.Support.OrderedDictionary`2">OrderedDictionary&lt;TKey,TValue&gt;</see>.</exception>
        </member>
        <member name="M:ServiceStack.Api.Swagger.Support.OrderedDictionary`2.RemoveAt(System.Int32)">
            <summary>
            Removes the entry at the specified index from the <see cref="T:ServiceStack.Api.Swagger.Support.OrderedDictionary`2">OrderedDictionary&lt;TKey,TValue&gt;</see> collection.
            </summary>
            <param name="index">The zero-based index of the entry to remove.</param>
            <exception cref="T:System.ArgumentOutOfRangeException"><paramref name="index"/> is less than 0.<br/>
            -or-<br/>
            index is equal to or greater than <see cref="P:ServiceStack.Api.Swagger.Support.OrderedDictionary`2.Count"/>.</exception>
        </member>
        <member name="P:ServiceStack.Api.Swagger.Support.OrderedDictionary`2.Item(System.Int32)">
            <summary>
            Gets or sets the value at the specified index.
            </summary>
            <param name="index">The zero-based index of the value to get or set.</param>
            <value>The value of the item at the specified index.</value>
            <exception cref="T:System.ArgumentOutOfRangeException"><paramref name="index"/> is less than 0.<br/>
            -or-<br/>
            index is equal to or greater than <see cref="P:ServiceStack.Api.Swagger.Support.OrderedDictionary`2.Count"/>.</exception>
        </member>
        <member name="P:ServiceStack.Api.Swagger.Support.OrderedDictionary`2.System#Collections#Specialized#IOrderedDictionary#Item(System.Int32)">
            <summary>
            Gets or sets the value at the specified index.
            </summary>
            <param name="index">The zero-based index of the value to get or set.</param>
            <value>The value of the item at the specified index.</value>
            <exception cref="T:System.ArgumentOutOfRangeException"><paramref name="index"/> is less than 0.<br/>
            -or-<br/>
            index is equal to or greater than <see cref="P:ServiceStack.Api.Swagger.Support.OrderedDictionary`2.Count"/>.</exception>
            <exception cref="T:System.ArgumentNullException"><paramref name="valueObject"/> is a null reference, and the value type of the <see cref="T:ServiceStack.Api.Swagger.Support.OrderedDictionary`2">OrderedDictionary&lt;TKey,TValue&gt;</see> is a value type.</exception>
            <exception cref="T:System.ArgumentException">The value type of the <see cref="T:ServiceStack.Api.Swagger.Support.OrderedDictionary`2">OrderedDictionary&lt;TKey,TValue&gt;</see> is not in the inheritance hierarchy of <paramref name="valueObject"/>.</exception>
        </member>
        <member name="M:ServiceStack.Api.Swagger.Support.OrderedDictionary`2.System#Collections#Generic#IDictionary{TKey,TValue}#Add(`0,`1)">
            <summary>
            Adds an entry with the specified key and value into the <see cref="T:ServiceStack.Api.Swagger.Support.OrderedDictionary`2">OrderedDictionary&lt;TKey,TValue&gt;</see> collection with the lowest available index.
            </summary>
            <param name="key">The key of the entry to add.</param>
            <param name="value">The value of the entry to add. This value can be <null/>.</param>
            <remarks>A key cannot be <null/>, but a value can be.
            <para>You can also use the <see cref="P:OrderedDictionary{TKey,TValue}.Item(TKey)"/> property to add new elements by setting the value of a key that does not exist in the <see cref="T:ServiceStack.Api.Swagger.Support.OrderedDictionary`2">OrderedDictionary&lt;TKey,TValue&gt;</see> collection; however, if the specified key already exists in the <see cref="T:ServiceStack.Api.Swagger.Support.OrderedDictionary`2">OrderedDictionary&lt;TKey,TValue&gt;</see>, setting the <see cref="P:OrderedDictionary{TKey,TValue}.Item(TKey)"/> property overwrites the old value. In contrast, the <see cref="M:Add"/> method does not modify existing elements.</para></remarks>
            <exception cref="T:System.ArgumentNullException"><paramref name="key"/> is <null/></exception>
            <exception cref="T:System.ArgumentException">An element with the same key already exists in the <see cref="T:ServiceStack.Api.Swagger.Support.OrderedDictionary`2">OrderedDictionary&lt;TKey,TValue&gt;</see></exception>
        </member>
        <member name="M:ServiceStack.Api.Swagger.Support.OrderedDictionary`2.Add(`0,`1)">
            <summary>
            Adds an entry with the specified key and value into the <see cref="T:ServiceStack.Api.Swagger.Support.OrderedDictionary`2">OrderedDictionary&lt;TKey,TValue&gt;</see> collection with the lowest available index.
            </summary>
            <param name="key">The key of the entry to add.</param>
            <param name="value">The value of the entry to add. This value can be <null/>.</param>
            <returns>The index of the newly added entry</returns>
            <remarks>A key cannot be <null/>, but a value can be.
            <para>You can also use the <see cref="P:OrderedDictionary{TKey,TValue}.Item(TKey)"/> property to add new elements by setting the value of a key that does not exist in the <see cref="T:ServiceStack.Api.Swagger.Support.OrderedDictionary`2">OrderedDictionary&lt;TKey,TValue&gt;</see> collection; however, if the specified key already exists in the <see cref="T:ServiceStack.Api.Swagger.Support.OrderedDictionary`2">OrderedDictionary&lt;TKey,TValue&gt;</see>, setting the <see cref="P:OrderedDictionary{TKey,TValue}.Item(TKey)"/> property overwrites the old value. In contrast, the <see cref="M:Add"/> method does not modify existing elements.</para></remarks>
            <exception cref="T:System.ArgumentNullException"><paramref name="key"/> is <null/></exception>
            <exception cref="T:System.ArgumentException">An element with the same key already exists in the <see cref="T:ServiceStack.Api.Swagger.Support.OrderedDictionary`2">OrderedDictionary&lt;TKey,TValue&gt;</see></exception>
        </member>
        <member name="M:ServiceStack.Api.Swagger.Support.OrderedDictionary`2.System#Collections#IDictionary#Add(System.Object,System.Object)">
            <summary>
            Adds an entry with the specified key and value into the <see cref="T:ServiceStack.Api.Swagger.Support.OrderedDictionary`2">OrderedDictionary&lt;TKey,TValue&gt;</see> collection with the lowest available index.
            </summary>
            <param name="key">The key of the entry to add.</param>
            <param name="value">The value of the entry to add. This value can be <null/>.</param>
            <exception cref="T:System.ArgumentNullException"><paramref name="key"/> is <null/>.<br/>
            -or-<br/>
            <paramref name="value"/> is <null/>, and the value type of the <see cref="T:ServiceStack.Api.Swagger.Support.OrderedDictionary`2">OrderedDictionary&lt;TKey,TValue&gt;</see> is a value type.</exception>
            <exception cref="T:System.ArgumentException">The key type of the <see cref="T:ServiceStack.Api.Swagger.Support.OrderedDictionary`2">OrderedDictionary&lt;TKey,TValue&gt;</see> is not in the inheritance hierarchy of <paramref name="key"/>.<br/>
            -or-<br/>
            The value type of the <see cref="T:ServiceStack.Api.Swagger.Support.OrderedDictionary`2">OrderedDictionary&lt;TKey,TValue&gt;</see> is not in the inheritance hierarchy of <paramref name="value"/>.</exception>
        </member>
        <member name="M:ServiceStack.Api.Swagger.Support.OrderedDictionary`2.Clear">
            <summary>
            Removes all elements from the <see cref="T:ServiceStack.Api.Swagger.Support.OrderedDictionary`2">OrderedDictionary&lt;TKey,TValue&gt;</see> collection.
            </summary>
            <remarks>The capacity is not changed as a result of calling this method.</remarks>
        </member>
        <member name="M:ServiceStack.Api.Swagger.Support.OrderedDictionary`2.ContainsKey(`0)">
            <summary>
            Determines whether the <see cref="T:ServiceStack.Api.Swagger.Support.OrderedDictionary`2">OrderedDictionary&lt;TKey,TValue&gt;</see> collection contains a specific key.
            </summary>
            <param name="key">The key to locate in the <see cref="T:ServiceStack.Api.Swagger.Support.OrderedDictionary`2">OrderedDictionary&lt;TKey,TValue&gt;</see> collection.</param>
            <returns><see langword="true"/> if the <see cref="T:ServiceStack.Api.Swagger.Support.OrderedDictionary`2">OrderedDictionary&lt;TKey,TValue&gt;</see> collection contains an element with the specified key; otherwise, <see langword="false"/>.</returns>
            <exception cref="T:System.ArgumentNullException"><paramref name="key"/> is <null/></exception>
        </member>
        <member name="M:ServiceStack.Api.Swagger.Support.OrderedDictionary`2.System#Collections#IDictionary#Contains(System.Object)">
            <summary>
            Determines whether the <see cref="T:ServiceStack.Api.Swagger.Support.OrderedDictionary`2">OrderedDictionary&lt;TKey,TValue&gt;</see> collection contains a specific key.
            </summary>
            <param name="key">The key to locate in the <see cref="T:ServiceStack.Api.Swagger.Support.OrderedDictionary`2">OrderedDictionary&lt;TKey,TValue&gt;</see> collection.</param>
            <returns><see langword="true"/> if the <see cref="T:ServiceStack.Api.Swagger.Support.OrderedDictionary`2">OrderedDictionary&lt;TKey,TValue&gt;</see> collection contains an element with the specified key; otherwise, <see langword="false"/>.</returns>
            <exception cref="T:System.ArgumentNullException"><paramref name="key"/> is <null/></exception>
            <exception cref="T:System.ArgumentException">The key type of the <see cref="T:ServiceStack.Api.Swagger.Support.OrderedDictionary`2">OrderedDictionary&lt;TKey,TValue&gt;</see> is not in the inheritance hierarchy of <paramref name="key"/>.</exception>
        </member>
        <member name="P:ServiceStack.Api.Swagger.Support.OrderedDictionary`2.System#Collections#IDictionary#IsFixedSize">
            <summary>
            Gets a value indicating whether the <see cref="T:ServiceStack.Api.Swagger.Support.OrderedDictionary`2">OrderedDictionary&lt;TKey,TValue&gt;</see> has a fixed size.
            </summary>
            <value><see langword="true"/> if the <see cref="T:ServiceStack.Api.Swagger.Support.OrderedDictionary`2">OrderedDictionary&lt;TKey,TValue&gt;</see> has a fixed size; otherwise, <see langword="false"/>. The default is <see langword="false"/>.</value>
        </member>
        <member name="P:ServiceStack.Api.Swagger.Support.OrderedDictionary`2.IsReadOnly">
            <summary>
            Gets a value indicating whether the <see cref="T:ServiceStack.Api.Swagger.Support.OrderedDictionary`2">OrderedDictionary&lt;TKey,TValue&gt;</see> collection is read-only.
            </summary>
            <value><see langword="true"/> if the <see cref="T:ServiceStack.Api.Swagger.Support.OrderedDictionary`2">OrderedDictionary&lt;TKey,TValue&gt;</see> is read-only; otherwise, <see langword="false"/>. The default is <see langword="false"/>.</value>
            <remarks>
            A collection that is read-only does not allow the addition, removal, or modification of elements after the collection is created.
            <para>A collection that is read-only is simply a collection with a wrapper that prevents modification of the collection; therefore, if changes are made to the underlying collection, the read-only collection reflects those changes.</para>
            </remarks>
        </member>
        <member name="P:ServiceStack.Api.Swagger.Support.OrderedDictionary`2.System#Collections#IDictionary#Keys">
            <summary>
            Gets an <see cref="T:System.Collections.ICollection"/> object containing the keys in the <see cref="T:ServiceStack.Api.Swagger.Support.OrderedDictionary`2">OrderedDictionary&lt;TKey,TValue&gt;</see>.
            </summary>
            <value>An <see cref="T:System.Collections.ICollection"/> object containing the keys in the <see cref="T:ServiceStack.Api.Swagger.Support.OrderedDictionary`2">OrderedDictionary&lt;TKey,TValue&gt;</see>.</value>
            <remarks>The returned <see cref="T:System.Collections.ICollection"/> object is not a static copy; instead, the collection refers back to the keys in the original <see cref="T:ServiceStack.Api.Swagger.Support.OrderedDictionary`2">OrderedDictionary&lt;TKey,TValue&gt;</see>. Therefore, changes to the <see cref="T:ServiceStack.Api.Swagger.Support.OrderedDictionary`2">OrderedDictionary&lt;TKey,TValue&gt;</see> continue to be reflected in the key collection.</remarks>
        </member>
        <member name="M:ServiceStack.Api.Swagger.Support.OrderedDictionary`2.IndexOfKey(`0)">
            <summary>
            Returns the zero-based index of the specified key in the <see cref="T:ServiceStack.Api.Swagger.Support.OrderedDictionary`2">OrderedDictionary&lt;TKey,TValue&gt;</see>
            </summary>
            <param name="key">The key to locate in the <see cref="T:ServiceStack.Api.Swagger.Support.OrderedDictionary`2">OrderedDictionary&lt;TKey,TValue&gt;</see></param>
            <returns>The zero-based index of <paramref name="key"/>, if <paramref name="ley"/> is found in the <see cref="T:ServiceStack.Api.Swagger.Support.OrderedDictionary`2">OrderedDictionary&lt;TKey,TValue&gt;</see>; otherwise, -1</returns>
            <remarks>This method performs a linear search; therefore it has a cost of O(n) at worst.</remarks>
        </member>
        <member name="M:ServiceStack.Api.Swagger.Support.OrderedDictionary`2.Remove(`0)">
            <summary>
            Removes the entry with the specified key from the <see cref="T:ServiceStack.Api.Swagger.Support.OrderedDictionary`2">OrderedDictionary&lt;TKey,TValue&gt;</see> collection.
            </summary>
            <param name="key">The key of the entry to remove</param>
            <returns><see langword="true"/> if the key was found and the corresponding element was removed; otherwise, <see langword="false"/></returns>
        </member>
        <member name="M:ServiceStack.Api.Swagger.Support.OrderedDictionary`2.System#Collections#IDictionary#Remove(System.Object)">
            <summary>
            Removes the entry with the specified key from the <see cref="T:ServiceStack.Api.Swagger.Support.OrderedDictionary`2">OrderedDictionary&lt;TKey,TValue&gt;</see> collection.
            </summary>
            <param name="key">The key of the entry to remove</param>
        </member>
        <member name="P:ServiceStack.Api.Swagger.Support.OrderedDictionary`2.System#Collections#IDictionary#Values">
            <summary>
            Gets an <see cref="T:System.Collections.ICollection"/> object containing the values in the <see cref="T:ServiceStack.Api.Swagger.Support.OrderedDictionary`2">OrderedDictionary&lt;TKey,TValue&gt;</see> collection.
            </summary>
            <value>An <see cref="T:System.Collections.ICollection"/> object containing the values in the <see cref="T:ServiceStack.Api.Swagger.Support.OrderedDictionary`2">OrderedDictionary&lt;TKey,TValue&gt;</see> collection.</value>
            <remarks>The returned <see cref="T:System.Collections.ICollection"/> object is not a static copy; instead, the <see cref="T:System.Collections.ICollection"/> refers back to the values in the original <see cref="T:ServiceStack.Api.Swagger.Support.OrderedDictionary`2">OrderedDictionary&lt;TKey,TValue&gt;</see> collection. Therefore, changes to the <see cref="T:ServiceStack.Api.Swagger.Support.OrderedDictionary`2">OrderedDictionary&lt;TKey,TValue&gt;</see> continue to be reflected in the <see cref="T:System.Collections.ICollection"/>.</remarks>
        </member>
        <member name="P:ServiceStack.Api.Swagger.Support.OrderedDictionary`2.Item(`0)">
            <summary>
            Gets or sets the value with the specified key.
            </summary>
            <param name="key">The key of the value to get or set.</param>
            <value>The value associated with the specified key. If the specified key is not found, attempting to get it returns <null/>, and attempting to set it creates a new element using the specified key.</value>
        </member>
        <member name="P:ServiceStack.Api.Swagger.Support.OrderedDictionary`2.System#Collections#IDictionary#Item(System.Object)">
            <summary>
            Gets or sets the value with the specified key.
            </summary>
            <param name="key">The key of the value to get or set.</param>
            <value>The value associated with the specified key. If the specified key is not found, attempting to get it returns <null/>, and attempting to set it creates a new element using the specified key.</value>
        </member>
        <member name="M:ServiceStack.Api.Swagger.Support.OrderedDictionary`2.System#Collections#ICollection#CopyTo(System.Array,System.Int32)">
            <summary>
            Copies the elements of the <see cref="T:ServiceStack.Api.Swagger.Support.OrderedDictionary`2">OrderedDictionary&lt;TKey,TValue&gt;</see> elements to a one-dimensional Array object at the specified index.
            </summary>
            <param name="array">The one-dimensional <see cref="T:System.Array"/> object that is the destination of the <see cref="T:KeyValuePair`2>"/> objects copied from the <see cref="T:ServiceStack.Api.Swagger.Support.OrderedDictionary`2">OrderedDictionary&lt;TKey,TValue&gt;</see>. The <see cref="T:System.Array"/> must have zero-based indexing.</param>
            <param name="index">The zero-based index in <paramref name="array"/> at which copying begins.</param>
            <remarks>The <see cref="M:CopyTo"/> method preserves the order of the elements in the <see cref="T:ServiceStack.Api.Swagger.Support.OrderedDictionary`2">OrderedDictionary&lt;TKey,TValue&gt;</see></remarks>
        </member>
        <member name="P:ServiceStack.Api.Swagger.Support.OrderedDictionary`2.Count">
            <summary>
            Gets the number of key/values pairs contained in the <see cref="T:ServiceStack.Api.Swagger.Support.OrderedDictionary`2">OrderedDictionary&lt;TKey,TValue&gt;</see> collection.
            </summary>
            <value>The number of key/value pairs contained in the <see cref="T:ServiceStack.Api.Swagger.Support.OrderedDictionary`2">OrderedDictionary&lt;TKey,TValue&gt;</see> collection.</value>
        </member>
        <member name="P:ServiceStack.Api.Swagger.Support.OrderedDictionary`2.System#Collections#ICollection#IsSynchronized">
            <summary>
            Gets a value indicating whether access to the <see cref="T:ServiceStack.Api.Swagger.Support.OrderedDictionary`2">OrderedDictionary&lt;TKey,TValue&gt;</see> object is synchronized (thread-safe).
            </summary>
            <value>This method always returns false.</value>
        </member>
        <member name="P:ServiceStack.Api.Swagger.Support.OrderedDictionary`2.System#Collections#ICollection#SyncRoot">
            <summary>
            Gets an object that can be used to synchronize access to the <see cref="T:ServiceStack.Api.Swagger.Support.OrderedDictionary`2">OrderedDictionary&lt;TKey,TValue&gt;</see> object.
            </summary>
            <value>An object that can be used to synchronize access to the <see cref="T:ServiceStack.Api.Swagger.Support.OrderedDictionary`2">OrderedDictionary&lt;TKey,TValue&gt;</see> object.</value>
        </member>
        <member name="P:ServiceStack.Api.Swagger.Support.OrderedDictionary`2.Keys">
            <summary>
            Gets an <see cref="T:System.Collections.Generic.ICollection{TKey}">ICollection&lt;TKey&gt;</see> object containing the keys in the <see cref="T:ServiceStack.Api.Swagger.Support.OrderedDictionary`2">OrderedDictionary&lt;TKey,TValue&gt;</see>.
            </summary>
            <value>An <see cref="T:System.Collections.Generic.ICollection{TKey}">ICollection&lt;TKey&gt;</see> object containing the keys in the <see cref="T:ServiceStack.Api.Swagger.Support.OrderedDictionary`2">OrderedDictionary&lt;TKey,TValue&gt;</see>.</value>
            <remarks>The returned <see cref="T:System.Collections.Generic.ICollection{TKey}">ICollection&lt;TKey&gt;</see> object is not a static copy; instead, the collection refers back to the keys in the original <see cref="T:ServiceStack.Api.Swagger.Support.OrderedDictionary`2">OrderedDictionary&lt;TKey,TValue&gt;</see>. Therefore, changes to the <see cref="T:ServiceStack.Api.Swagger.Support.OrderedDictionary`2">OrderedDictionary&lt;TKey,TValue&gt;</see> continue to be reflected in the key collection.</remarks>
        </member>
        <member name="M:ServiceStack.Api.Swagger.Support.OrderedDictionary`2.TryGetValue(`0,`1@)">
            <summary>
            Gets the value associated with the specified key.
            </summary>
            <param name="key">The key of the value to get.</param>
            <param name="value">When this method returns, contains the value associated with the specified key, if the key is found; otherwise, the default value for the type of <paramref name="value"/>. This parameter can be passed uninitialized.</param>
            <returns><see langword="true"/> if the <see cref="T:ServiceStack.Api.Swagger.Support.OrderedDictionary`2">OrderedDictionary&lt;TKey,TValue&gt;</see> contains an element with the specified key; otherwise, <see langword="false"/>.</returns>
        </member>
        <member name="P:ServiceStack.Api.Swagger.Support.OrderedDictionary`2.Values">
            <summary>
            Gets an <see cref="T:ICollection{TValue}">ICollection&lt;TValue&gt;</see> object containing the values in the <see cref="T:ServiceStack.Api.Swagger.Support.OrderedDictionary`2">OrderedDictionary&lt;TKey,TValue&gt;</see>.
            </summary>
            <value>An <see cref="T:ICollection{TValue}">ICollection&lt;TValue&gt;</see> object containing the values in the <see cref="T:ServiceStack.Api.Swagger.Support.OrderedDictionary`2">OrderedDictionary&lt;TKey,TValue&gt;</see>.</value>
            <remarks>The returned <see cref="T:ICollection{TValue}">ICollection&lt;TKey&gt;</see> object is not a static copy; instead, the collection refers back to the values in the original <see cref="T:ServiceStack.Api.Swagger.Support.OrderedDictionary`2">OrderedDictionary&lt;TKey,TValue&gt;</see>. Therefore, changes to the <see cref="T:ServiceStack.Api.Swagger.Support.OrderedDictionary`2">OrderedDictionary&lt;TKey,TValue&gt;</see> continue to be reflected in the value collection.</remarks>
        </member>
        <member name="M:ServiceStack.Api.Swagger.Support.OrderedDictionary`2.System#Collections#Generic#ICollection{System#Collections#Generic#KeyValuePair{TKey,TValue}}#Add(System.Collections.Generic.KeyValuePair{`0,`1})">
            <summary>
            Adds the specified value to the <see cref="T:ServiceStack.Api.Swagger.Support.OrderedDictionary`2">OrderedDictionary&lt;TKey,TValue&gt;</see> with the specified key.
            </summary>
            <param name="item">The <see cref="T:KeyValuePair{TKey,TValue}">KeyValuePair&lt;TKey,TValue&gt;</see> structure representing the key and value to add to the <see cref="T:ServiceStack.Api.Swagger.Support.OrderedDictionary`2">OrderedDictionary&lt;TKey,TValue&gt;</see>.</param>
        </member>
        <member name="M:ServiceStack.Api.Swagger.Support.OrderedDictionary`2.System#Collections#Generic#ICollection{System#Collections#Generic#KeyValuePair{TKey,TValue}}#Contains(System.Collections.Generic.KeyValuePair{`0,`1})">
            <summary>
            Determines whether the <see cref="T:ServiceStack.Api.Swagger.Support.OrderedDictionary`2">OrderedDictionary&lt;TKey,TValue&gt;</see> contains a specific key and value.
            </summary>
            <param name="item">The <see cref="T:KeyValuePair{TKey,TValue}">KeyValuePair&lt;TKey,TValue&gt;</see> structure to locate in the <see cref="T:ServiceStack.Api.Swagger.Support.OrderedDictionary`2">OrderedDictionary&lt;TKey,TValue&gt;</see>.</param>
            <returns><see langword="true"/> if <paramref name="keyValuePair"/> is found in the <see cref="T:ServiceStack.Api.Swagger.Support.OrderedDictionary`2">OrderedDictionary&lt;TKey,TValue&gt;</see>; otherwise, <see langword="false"/>.</returns>
        </member>
        <member name="M:ServiceStack.Api.Swagger.Support.OrderedDictionary`2.System#Collections#Generic#ICollection{System#Collections#Generic#KeyValuePair{TKey,TValue}}#CopyTo(System.Collections.Generic.KeyValuePair{`0,`1}[],System.Int32)">
            <summary>
            Copies the elements of the <see cref="T:ServiceStack.Api.Swagger.Support.OrderedDictionary`2">OrderedDictionary&lt;TKey,TValue&gt;</see> to an array of type <see cref="T:KeyValuePair`2>"/>, starting at the specified index.
            </summary>
            <param name="array">The one-dimensional array of type <see cref="T:KeyValuePair{TKey,TValue}">KeyValuePair&lt;TKey,TValue&gt;</see> that is the destination of the <see cref="T:KeyValuePair{TKey,TValue}">KeyValuePair&lt;TKey,TValue&gt;</see> elements copied from the <see cref="T:ServiceStack.Api.Swagger.Support.OrderedDictionary`2">OrderedDictionary&lt;TKey,TValue&gt;</see>. The array must have zero-based indexing.</param>
            <param name="arrayIndex">The zero-based index in <paramref name="array"/> at which copying begins.</param>
        </member>
        <member name="M:ServiceStack.Api.Swagger.Support.OrderedDictionary`2.System#Collections#Generic#ICollection{System#Collections#Generic#KeyValuePair{TKey,TValue}}#Remove(System.Collections.Generic.KeyValuePair{`0,`1})">
            <summary>
            Removes a key and value from the dictionary.
            </summary>
            <param name="item">The <see cref="T:KeyValuePair{TKey,TValue}">KeyValuePair&lt;TKey,TValue&gt;</see> structure representing the key and value to remove from the <see cref="T:ServiceStack.Api.Swagger.Support.OrderedDictionary`2">OrderedDictionary&lt;TKey,TValue&gt;</see>.</param>
            <returns><see langword="true"/> if the key and value represented by <paramref name="keyValuePair"/> is successfully found and removed; otherwise, <see langword="false"/>. This method returns <see langword="false"/> if <paramref name="keyValuePair"/> is not found in the <see cref="T:ServiceStack.Api.Swagger.Support.OrderedDictionary`2">OrderedDictionary&lt;TKey,TValue&gt;</see>.</returns>
        </member>
        <member name="P:ServiceStack.Api.Swagger.SwaggerFeature.ResourceFilterPattern">
            <summary>
            Gets or sets <see cref="T:System.Text.RegularExpressions.Regex"/> pattern to filter available resources. 
            </summary>
        </member>
    </members>
</doc>
